station_complex_id,borough,routes,payment_method,latitude,longitude,ridership,transfers,region
A002,M,"['5', 'N', 'R', '4', 'W', '6']",metrocard,40.76266098022461,-73.96725463867188,279,30,NW
A002,M,"['5', 'N', 'R', '4', 'W', '6']",omny,40.76266098022461,-73.96725463867188,133,19,NW
A006,M,"['N', 'R', 'W']",metrocard,40.76481246948242,-73.97335052490234,216,2,NW
A006,M,"['N', 'R', 'W']",omny,40.76481246948242,-73.97335052490234,157,1,NW
A010,M,"['N', 'R', 'Q', 'W']",metrocard,40.76466369628906,-73.98065948486328,232,4,NW
A010,M,"['N', 'R', 'Q', 'W']",omny,40.76466369628906,-73.98065948486328,166,3,NW
A013,M,"['N', 'R', 'W']",metrocard,40.7598991394043,-73.98413848876953,267,1,NW
A013,M,"['N', 'R', 'W']",omny,40.7598991394043,-73.98413848876953,143,0,NW
A022,M,"['F', 'M', 'N', 'R', 'Q', 'B', 'W', 'D']",metrocard,40.74971771240234,-73.98782348632812,815,5,NW
A022,M,"['F', 'M', 'N', 'R', 'Q', 'B', 'W', 'D']",omny,40.74971771240234,-73.98782348632812,634,6,NW
A027,M,"['R', 'W']",metrocard,40.7454948425293,-73.98869323730469,94,0,NW
A027,M,"['R', 'W']",omny,40.7454948425293,-73.98869323730469,79,0,NW
A030,M,"['R', 'W']",metrocard,40.741302490234375,-73.98934173583984,129,0,NW
A030,M,"['R', 'W']",omny,40.741302490234375,-73.98934173583984,94,2,NW
A034,M,"['5', 'N', 'R', 'Q', '4', 'L', 'W', '6']",metrocard,40.73573684692383,-73.98995208740234,388,8,NW
A034,M,"['5', 'N', 'R', 'Q', '4', 'L', 'W', '6']",omny,40.73573684692383,-73.98995208740234,257,9,NW
A038,M,"['R', 'W']",metrocard,40.73032760620117,-73.99263000488281,101,0,NW
A038,M,"['R', 'W']",omny,40.73032760620117,-73.99263000488281,105,1,NW
A041,M,"['R', 'W']",metrocard,40.72433090209961,-73.9977035522461,68,0,NW
A041,M,"['R', 'W']",omny,40.72433090209961,-73.9977035522461,63,0,NW
A043,M,"['J', 'N', 'R', 'Z', 'Q', 'W', '6']",metrocard,40.71952819824219,-73.99989318847656,441,4,NW
A043,M,"['J', 'N', 'R', 'Z', 'Q', 'W', '6']",omny,40.71952819824219,-73.99989318847656,257,6,NW
A047,M,"['R', 'W']",metrocard,40.71328353881836,-74.0069808959961,23,0,SW
A047,M,"['R', 'W']",omny,40.71328353881836,-74.0069808959961,15,0,SW
A054,M,"['R', 'W']",metrocard,40.707218170166016,-74.01334381103516,46,0,SW
A054,M,"['R', 'W']",omny,40.707218170166016,-74.01334381103516,29,2,SW
A064,M,"['J', 'Z']",metrocard,40.72027969360352,-73.99391174316406,36,0,NW
A064,M,"['J', 'Z']",omny,40.72027969360352,-73.99391174316406,5,0,NW
A069,M,"['J', '5', 'Z', '4', '6']",metrocard,40.71324157714844,-74.00340270996094,295,0,SW
A069,M,"['J', '5', 'Z', '4', '6']",omny,40.71324157714844,-74.00340270996094,133,0,SW
A083,M,"['J', 'Z']",metrocard,40.70647430419922,-74.01105499267578,52,1,SW
A083,M,"['J', 'Z']",omny,40.70647430419922,-74.01105499267578,32,1,SW
B004,BK,"['Q', 'B']",metrocard,40.67705154418945,-73.97236633300781,43,0,SW
B004,BK,"['Q', 'B']",omny,40.67705154418945,-73.97236633300781,48,0,SW
B009,BK,['S'],metrocard,40.67477035522461,-73.95762634277344,14,0,SW
B009,BK,['S'],omny,40.67477035522461,-73.95762634277344,11,0,SW
B013,BK,"['Q', 'S', 'B']",metrocard,40.66161346435547,-73.96224975585938,49,0,SW
B013,BK,"['Q', 'S', 'B']",omny,40.66161346435547,-73.96224975585938,48,2,SW
B014,BK,['Q'],metrocard,40.65529251098633,-73.96149444580078,40,0,SW
B014,BK,['Q'],omny,40.65529251098633,-73.96149444580078,49,0,SW
B016,BK,"['Q', 'B']",metrocard,40.65052795410156,-73.96298217773438,88,7,SW
B016,BK,"['Q', 'B']",omny,40.65052795410156,-73.96298217773438,74,4,SW
B017,BK,['Q'],metrocard,40.6440315246582,-73.96449279785156,29,0,SW
B017,BK,['Q'],omny,40.6440315246582,-73.96449279785156,30,0,SW
B018,BK,['Q'],metrocard,40.640926361083984,-73.9638900756836,38,0,SW
B018,BK,['Q'],omny,40.640926361083984,-73.9638900756836,43,0,SW
B019,BK,"['Q', 'B']",metrocard,40.63508224487305,-73.9627914428711,103,1,SW
B019,BK,"['Q', 'B']",omny,40.63508224487305,-73.9627914428711,76,1,SW
B020,BK,['Q'],metrocard,40.62926864624024,-73.96163940429688,30,0,SW
B020,BK,['Q'],omny,40.62926864624024,-73.96163940429688,17,0,SW
B021,BK,['Q'],metrocard,40.625038146972656,-73.96080017089844,60,7,SW
B021,BK,['Q'],omny,40.625038146972656,-73.96080017089844,36,2,SW
B022,BK,['Q'],metrocard,40.617618560791016,-73.95939636230469,42,1,SW
B022,BK,['Q'],omny,40.617618560791016,-73.95939636230469,28,0,SW
B024,BK,"['Q', 'B']",metrocard,40.60866928100586,-73.95773315429688,147,13,SW
B024,BK,"['Q', 'B']",omny,40.60866928100586,-73.95773315429688,86,6,SW
B025,BK,['Q'],metrocard,40.59930038452149,-73.9559326171875,63,6,SW
B025,BK,['Q'],omny,40.59930038452149,-73.9559326171875,36,3,SW
B026,BK,['Q'],metrocard,40.595245361328125,-73.95516204833984,37,1,SW
B026,BK,['Q'],omny,40.595245361328125,-73.95516204833984,25,0,SW
B027,BK,"['Q', 'B']",metrocard,40.58689498901367,-73.95415496826172,76,1,SW
B027,BK,"['Q', 'B']",omny,40.58689498901367,-73.95415496826172,57,1,SW
B029,BK,"['Q', 'B']",metrocard,40.57762145996094,-73.96137237548828,130,5,SW
B029,BK,"['Q', 'B']",omny,40.57762145996094,-73.96137237548828,66,0,SW
B032,BK,['Q'],metrocard,40.57631301879883,-73.96849822998047,31,1,SW
B032,BK,['Q'],omny,40.57631301879883,-73.96849822998047,15,0,SW
C008,BK,"['R', 'Q', 'B']",metrocard,40.69063568115234,-73.98182678222656,114,12,SW
C008,BK,"['R', 'Q', 'B']",omny,40.69063568115234,-73.98182678222656,119,3,SW
C010,BK,['R'],metrocard,40.67731475830078,-73.98310852050781,36,0,SW
C010,BK,['R'],omny,40.67731475830078,-73.98310852050781,29,0,SW
C012,BK,"['F', 'R', 'G']",metrocard,40.67084884643555,-73.9883041381836,64,3,SW
C012,BK,"['F', 'R', 'G']",omny,40.67084884643555,-73.9883041381836,58,4,SW
C014,BK,['R'],metrocard,40.66541290283203,-73.99287414550781,22,0,SW
C014,BK,['R'],omny,40.66541290283203,-73.99287414550781,26,0,SW
C016,BK,['R'],metrocard,40.66039657592773,-73.99809265136719,46,1,SW
C016,BK,['R'],omny,40.66039657592773,-73.99809265136719,23,0,SW
C018,BK,"['N', 'R', 'D']",metrocard,40.65514373779297,-74.00354766845703,88,3,SW
C018,BK,"['N', 'R', 'D']",omny,40.65514373779297,-74.00354766845703,65,1,SW
C019,BK,['R'],metrocard,40.6489372253418,-74.010009765625,88,0,SW
C019,BK,['R'],omny,40.6489372253418,-74.010009765625,35,0,SW
C020,BK,['R'],metrocard,40.64506912231445,-74.01403045654297,77,1,SW
C020,BK,['R'],omny,40.64506912231445,-74.01403045654297,37,0,SW
C021,BK,"['N', 'R']",metrocard,40.641361236572266,-74.01788330078125,98,1,SW
C021,BK,"['N', 'R']",omny,40.641361236572266,-74.01788330078125,58,0,SW
C023,BK,['R'],metrocard,40.63496780395508,-74.02337646484375,55,0,SW
C023,BK,['R'],omny,40.63496780395508,-74.02337646484375,30,0,SW
C024,BK,['R'],metrocard,40.62974166870117,-74.0255126953125,45,0,SW
C024,BK,['R'],omny,40.62974166870117,-74.0255126953125,24,0,SW
C025,BK,['R'],metrocard,40.62268829345703,-74.02839660644531,80,21,SW
C025,BK,['R'],omny,40.62268829345703,-74.02839660644531,47,11,SW
C027,BK,['R'],metrocard,40.61662292480469,-74.03087615966797,53,0,SW
C027,BK,['R'],omny,40.61662292480469,-74.03087615966797,24,2,SW
D002,BK,['N'],metrocard,40.63506317138672,-74.01171875,167,1,SW
D002,BK,['N'],omny,40.63506317138672,-74.01171875,63,3,SW
D003,BK,['N'],metrocard,40.631385803222656,-74.0053482055664,69,1,SW
D003,BK,['N'],omny,40.631385803222656,-74.0053482055664,35,0,SW
D008,BK,['N'],metrocard,40.62067031860352,-73.99041748046875,62,3,SW
D008,BK,['N'],omny,40.62067031860352,-73.99041748046875,20,1,SW
D009,BK,['N'],metrocard,40.617408752441406,-73.98502349853516,50,1,SW
D009,BK,['N'],omny,40.617408752441406,-73.98502349853516,15,0,SW
D010,BK,['N'],metrocard,40.61181640625,-73.98184967041016,82,5,SW
D010,BK,['N'],omny,40.61181640625,-73.98184967041016,40,1,SW
D012,BK,['N'],metrocard,40.60392379760742,-73.98035430908203,67,4,SW
D012,BK,['N'],omny,40.60392379760742,-73.98035430908203,27,4,SW
D015,BK,['N'],metrocard,40.59747314453125,-73.97913360595703,55,6,SW
D015,BK,['N'],omny,40.59747314453125,-73.97913360595703,20,1,SW
D016,BK,['N'],metrocard,40.59272003173828,-73.97823333740234,35,1,SW
D016,BK,['N'],omny,40.59272003173828,-73.97823333740234,3,0,SW
E001,BK,['D'],metrocard,40.64629364013672,-73.99432373046875,92,3,SW
E001,BK,['D'],omny,40.64629364013672,-73.99432373046875,17,1,SW
E003,BK,['D'],metrocard,40.64091491699219,-73.99430084228516,34,0,SW
E003,BK,['D'],omny,40.64091491699219,-73.99430084228516,13,0,SW
E004,BK,['D'],metrocard,40.636260986328125,-73.99478912353516,16,0,SW
E004,BK,['D'],omny,40.636260986328125,-73.99478912353516,14,0,SW
E005,BK,['D'],metrocard,40.63143539428711,-73.99547576904297,20,0,SW
E005,BK,['D'],omny,40.63143539428711,-73.99547576904297,9,0,SW
E006,BK,"['N', 'D']",metrocard,40.62647247314453,-73.99635314941406,64,2,SW
E006,BK,"['N', 'D']",omny,40.62647247314453,-73.99635314941406,11,1,SW
E009,BK,['D'],metrocard,40.619590759277344,-73.99886322021484,65,0,SW
E009,BK,['D'],omny,40.619590759277344,-73.99886322021484,27,0,SW
E011,BK,['D'],metrocard,40.613502502441406,-74.0006103515625,43,0,SW
E011,BK,['D'],omny,40.613502502441406,-74.0006103515625,25,0,SW
E012,BK,['D'],metrocard,40.60795211791992,-74.00173950195312,69,1,SW
E012,BK,['D'],omny,40.60795211791992,-74.00173950195312,32,4,SW
E013,BK,['D'],metrocard,40.60455703735352,-73.9981689453125,50,2,SW
E013,BK,['D'],omny,40.60455703735352,-73.9981689453125,20,0,SW
E014,BK,['D'],metrocard,40.60187530517578,-73.99372863769531,89,6,SW
E014,BK,['D'],omny,40.60187530517578,-73.99372863769531,36,3,SW
E015,BK,['D'],metrocard,40.59770584106445,-73.98683166503906,40,2,SW
E015,BK,['D'],omny,40.59770584106445,-73.98683166503906,15,0,SW
E016,BK,['D'],metrocard,40.58884048461914,-73.9837646484375,37,0,SW
E016,BK,['D'],omny,40.58884048461914,-73.9837646484375,11,0,SW
G009,BK,"['F', 'N', 'Q', 'D']",metrocard,40.577423095703125,-73.98123168945312,156,13,SW
G009,BK,"['F', 'N', 'Q', 'D']",omny,40.577423095703125,-73.98123168945312,36,5,SW
G011,BK,"['F', 'Q']",metrocard,40.57612609863281,-73.97593688964844,19,1,SW
G011,BK,"['F', 'Q']",omny,40.57612609863281,-73.97593688964844,9,0,SW
H006,M,['L'],metrocard,40.73284912109375,-73.98612213134766,33,2,NW
H006,M,['L'],omny,40.73284912109375,-73.98612213134766,30,0,NW
H007,M,['L'],metrocard,40.730953216552734,-73.98162841796875,118,4,NW
H007,M,['L'],omny,40.730953216552734,-73.98162841796875,148,3,NW
H009,BK,['L'],metrocard,40.71730422973633,-73.95687103271484,152,0,SW
H009,BK,['L'],omny,40.71730422973633,-73.95687103271484,223,3,SW
H012,BK,"['G', 'L']",metrocard,40.71406173706055,-73.95027160644531,67,0,SW
H012,BK,"['G', 'L']",omny,40.71406173706055,-73.95027160644531,92,1,SW
H013,BK,['L'],metrocard,40.71456527709961,-73.94405364990234,69,3,SE
H013,BK,['L'],omny,40.71456527709961,-73.94405364990234,65,3,SE
H015,BK,['L'],metrocard,40.7119255065918,-73.94066619873047,59,6,SE
H015,BK,['L'],omny,40.7119255065918,-73.94066619873047,45,2,SE
H017,BK,['L'],metrocard,40.707740783691406,-73.93984985351562,33,0,SE
H017,BK,['L'],omny,40.707740783691406,-73.93984985351562,48,0,SE
H019,BK,['L'],metrocard,40.706153869628906,-73.93314361572266,32,0,SE
H019,BK,['L'],omny,40.706153869628906,-73.93314361572266,54,0,SE
H022,BK,['L'],metrocard,40.70660781860352,-73.92291259765625,75,1,SE
H022,BK,['L'],omny,40.70660781860352,-73.92291259765625,47,0,SE
H023,BK,['L'],metrocard,40.70381164550781,-73.91842651367188,73,0,SE
H023,BK,['L'],omny,40.70381164550781,-73.91842651367188,73,3,SE
H026,BK,"['M', 'L']",metrocard,40.69981384277344,-73.91158294677734,189,2,SE
H026,BK,"['M', 'L']",omny,40.69981384277344,-73.91158294677734,111,4,SE
H028,BK,['L'],metrocard,40.69560241699219,-73.90408325195312,49,0,SE
H028,BK,['L'],omny,40.69560241699219,-73.90408325195312,39,1,SE
H032,BK,['L'],metrocard,40.68876266479492,-73.90404510498047,42,0,SE
H032,BK,['L'],omny,40.68876266479492,-73.90404510498047,29,0,SE
H033,BK,['L'],metrocard,40.68283081054688,-73.9052505493164,27,0,SE
H033,BK,['L'],omny,40.68283081054688,-73.9052505493164,15,0,SE
H035,BK,['L'],metrocard,40.67534637451172,-73.9030990600586,9,1,SE
H035,BK,['L'],omny,40.67534637451172,-73.9030990600586,7,0,SE
H037,BK,['L'],metrocard,40.66936874389648,-73.9019775390625,20,0,SE
H037,BK,['L'],omny,40.66936874389648,-73.9019775390625,5,0,SE
H038,BK,['L'],metrocard,40.664039611816406,-73.90057373046875,20,2,SE
H038,BK,['L'],omny,40.664039611816406,-73.90057373046875,10,2,SE
H039,BK,['L'],metrocard,40.65873336791992,-73.89923095703125,26,4,SE
H039,BK,['L'],omny,40.65873336791992,-73.89923095703125,7,1,SE
H040,BK,['L'],metrocard,40.65057373046875,-73.89948272705078,16,0,SE
H040,BK,['L'],omny,40.65057373046875,-73.89948272705078,13,0,SE
H041,BK,['L'],metrocard,40.64665222167969,-73.90184783935547,42,0,SE
H041,BK,['L'],omny,40.64665222167969,-73.90184783935547,11,0,SE
J001,BK,"['M', 'J', 'Z']",metrocard,40.70835876464844,-73.95775604248047,67,2,SW
J001,BK,"['M', 'J', 'Z']",omny,40.70835876464844,-73.95775604248047,67,1,SW
J003,BK,"['M', 'J']",metrocard,40.70687103271485,-73.95343017578125,8,0,SW
J003,BK,"['M', 'J']",omny,40.70687103271485,-73.95343017578125,22,0,SW
J005,BK,"['M', 'J']",metrocard,40.7038688659668,-73.9474105834961,30,0,SW
J005,BK,"['M', 'J']",omny,40.7038688659668,-73.9474105834961,9,0,SW
J007,BK,"['M', 'J']",metrocard,40.70026016235352,-73.94112396240234,47,1,SE
J007,BK,"['M', 'J']",omny,40.70026016235352,-73.94112396240234,29,0,SE
J009,BK,"['M', 'J', 'Z']",metrocard,40.697208404541016,-73.93565368652344,92,1,SE
J009,BK,"['M', 'J', 'Z']",omny,40.697208404541016,-73.93565368652344,56,1,SE
J012,BK,['J'],metrocard,40.69334030151367,-73.92881774902344,57,1,SE
J012,BK,['J'],omny,40.69334030151367,-73.92881774902344,48,3,SE
J013,BK,"['J', 'Z']",metrocard,40.68962860107422,-73.92227172851562,37,0,SE
J013,BK,"['J', 'Z']",omny,40.68962860107422,-73.92227172851562,39,2,SE
J016,BK,['J'],metrocard,40.686370849609375,-73.91655731201172,51,0,SE
J016,BK,['J'],omny,40.686370849609375,-73.91655731201172,43,0,SE
J017,BK,"['J', 'Z']",metrocard,40.682891845703125,-73.91045379638672,22,0,SE
J017,BK,"['J', 'Z']",omny,40.682891845703125,-73.91045379638672,20,0,SE
J020,BK,['J'],metrocard,40.6769905090332,-73.89865112304688,21,3,SE
J020,BK,['J'],omny,40.6769905090332,-73.89865112304688,2,1,SE
J021,BK,"['J', 'Z']",metrocard,40.67802429199219,-73.89168548583984,21,0,SE
J021,BK,"['J', 'Z']",omny,40.67802429199219,-73.89168548583984,6,0,SE
J022,BK,['J'],metrocard,40.67994689941406,-73.88463592529297,22,0,SE
J022,BK,['J'],omny,40.67994689941406,-73.88463592529297,6,0,SE
J023,BK,"['J', 'Z']",metrocard,40.68141174316406,-73.88003540039062,20,0,SE
J023,BK,"['J', 'Z']",omny,40.68141174316406,-73.88003540039062,6,0,SE
J024,BK,"['J', 'Z']",metrocard,40.68319320678711,-73.87378692626953,31,0,SE
J024,BK,"['J', 'Z']",omny,40.68319320678711,-73.87378692626953,10,0,SE
J025,BK,['J'],metrocard,40.68994140625,-73.87255096435547,20,0,SE
J025,BK,['J'],omny,40.68994140625,-73.87255096435547,9,2,SE
J028,Q,"['J', 'Z']",metrocard,40.69132232666016,-73.86714172363281,25,0,SE
J028,Q,"['J', 'Z']",omny,40.69132232666016,-73.86714172363281,21,0,SE
J030,Q,['J'],metrocard,40.69243621826172,-73.8600082397461,38,0,SE
J030,Q,['J'],omny,40.69243621826172,-73.8600082397461,5,0,SE
J031,Q,"['J', 'Z']",metrocard,40.693878173828125,-73.85157775878906,33,2,SE
J031,Q,"['J', 'Z']",omny,40.693878173828125,-73.85157775878906,20,1,SE
J034,Q,"['J', 'Z']",metrocard,40.6951789855957,-73.84432983398438,25,0,SE
J034,Q,"['J', 'Z']",omny,40.6951789855957,-73.84432983398438,10,0,SE
J035,Q,['J'],metrocard,40.69741821289063,-73.83634185791016,15,0,SE
J035,Q,['J'],omny,40.69741821289063,-73.83634185791016,4,0,SE
J037,Q,"['J', 'Z']",metrocard,40.70049285888672,-73.82829284667969,20,1,SE
J037,Q,"['J', 'Z']",omny,40.70049285888672,-73.82829284667969,6,3,SE
K017,BK,['M'],metrocard,40.69785690307617,-73.92739868164062,20,0,SE
K017,BK,['M'],omny,40.69785690307617,-73.92739868164062,23,0,SE
K019,BK,['M'],metrocard,40.69866561889648,-73.91970825195312,40,0,SE
K019,BK,['M'],omny,40.69866561889648,-73.91970825195312,5,0,SE
K022,Q,['M'],metrocard,40.702762603759766,-73.9077377319336,9,0,SE
K022,Q,['M'],omny,40.702762603759766,-73.9077377319336,27,0,SE
K024,Q,['M'],metrocard,40.70442199707031,-73.903076171875,35,0,SE
K024,Q,['M'],omny,40.70442199707031,-73.903076171875,21,0,SE
K025,Q,['M'],metrocard,40.70618438720703,-73.8958740234375,40,0,SE
K025,Q,['M'],omny,40.70618438720703,-73.8958740234375,19,0,SE
K026,Q,['M'],metrocard,40.71139526367188,-73.88960266113281,16,4,SE
K026,Q,['M'],omny,40.71139526367188,-73.88960266113281,5,0,SE
N002A,M,['A'],metrocard,40.868072509765625,-73.9198989868164,70,5,NE
N002A,M,['A'],omny,40.868072509765625,-73.9198989868164,33,2,NE
N003,M,['A'],metrocard,40.8654899597168,-73.9272689819336,39,0,NE
N003,M,['A'],omny,40.8654899597168,-73.9272689819336,23,0,NE
N006A,M,['A'],metrocard,40.8590202331543,-73.9341812133789,39,0,NE
N006A,M,['A'],omny,40.8590202331543,-73.9341812133789,30,0,NE
N007A,M,['A'],metrocard,40.8516960144043,-73.9379653930664,71,0,NE
N007A,M,['A'],omny,40.8516960144043,-73.9379653930664,64,1,NE
N010,M,['A'],metrocard,40.847389221191406,-73.93970489501953,89,1,NE
N010,M,['A'],omny,40.847389221191406,-73.93970489501953,49,0,NE
N016A,M,['C'],metrocard,40.83601379394531,-73.93989562988281,43,0,NE
N016A,M,['C'],omny,40.83601379394531,-73.93989562988281,15,0,NE
N017,M,['C'],metrocard,40.83051681518555,-73.94151306152344,22,0,NE
N017,M,['C'],omny,40.83051681518555,-73.94151306152344,10,0,NE
N019,M,"['C', 'B', 'A', 'D']",metrocard,40.82478332519531,-73.9442138671875,211,1,NE
N019,M,"['C', 'B', 'A', 'D']",omny,40.82478332519531,-73.9442138671875,114,3,NE
N024,M,"['C', 'B']",metrocard,40.8178939819336,-73.94764709472656,42,0,NW
N024,M,"['C', 'B']",omny,40.8178939819336,-73.94764709472656,29,1,NW
N026,M,"['C', 'B', 'A', 'D']",metrocard,40.81110763549805,-73.95234680175781,243,4,NW
N026,M,"['C', 'B', 'A', 'D']",omny,40.81110763549805,-73.95234680175781,151,12,NW
N030,M,"['C', 'B']",metrocard,40.805084228515625,-73.95487976074219,90,1,NW
N030,M,"['C', 'B']",omny,40.805084228515625,-73.95487976074219,29,1,NW
N035,M,"['C', 'B']",metrocard,40.80060195922852,-73.95816040039062,105,0,NW
N035,M,"['C', 'B']",omny,40.80060195922852,-73.95816040039062,49,0,NW
N037,M,"['C', 'B']",metrocard,40.79609298706055,-73.96145629882812,39,0,NW
N037,M,"['C', 'B']",omny,40.79609298706055,-73.96145629882812,26,0,NW
N040,M,"['C', 'B']",metrocard,40.79164123535156,-73.9646987915039,83,5,NW
N040,M,"['C', 'B']",omny,40.79164123535156,-73.9646987915039,65,1,NW
N043,M,"['C', 'B']",metrocard,40.78586959838867,-73.96891784667969,94,0,NW
N043,M,"['C', 'B']",omny,40.78586959838867,-73.96891784667969,45,2,NW
N044,M,"['C', 'B']",metrocard,40.78143310546875,-73.9721450805664,131,2,NW
N044,M,"['C', 'B']",omny,40.78143310546875,-73.9721450805664,65,3,NW
N046,M,"['C', 'B']",metrocard,40.77559280395508,-73.97640991210938,164,2,NW
N046,M,"['C', 'B']",omny,40.77559280395508,-73.97640991210938,84,0,NW
N049,M,"['C', '1', 'B', 'A', 'D']",metrocard,40.76829528808594,-73.98173522949219,502,5,NW
N049,M,"['C', '1', 'B', 'A', 'D']",omny,40.76829528808594,-73.98173522949219,339,8,NW
N056,M,"['C', 'E']",metrocard,40.762454986572266,-73.9859848022461,202,0,NW
N056,M,"['C', 'E']",omny,40.762454986572266,-73.9859848022461,152,0,NW
N060,M,"['3', 'C', '1', '2', 'S', '7', 'F', 'M', 'E', 'N', 'R', 'Q', 'B', 'W', 'A', 'D']",metrocard,40.75730895996094,-73.98196411132812,2180,3,NW
N060,M,"['3', 'C', '1', '2', 'S', '7', 'F', 'M', 'E', 'N', 'R', 'Q', 'B', 'W', 'A', 'D']",omny,40.75730895996094,-73.98196411132812,1227,8,NW
N070,M,"['C', 'E', 'A']",metrocard,40.752288818359375,-73.99339294433594,644,1,NW
N070,M,"['C', 'E', 'A']",omny,40.752288818359375,-73.99339294433594,456,2,NW
N076,M,"['C', 'E']",metrocard,40.745906829833984,-73.99803924560547,140,0,NW
N076,M,"['C', 'E']",omny,40.745906829833984,-73.99803924560547,91,1,NW
N078,M,"['C', 'E', 'A', 'L']",metrocard,40.74089431762695,-74.00169372558594,390,4,NW
N078,M,"['C', 'E', 'A', 'L']",omny,40.74089431762695,-74.00169372558594,255,6,NW
N080,M,"['F', 'M', 'C', 'E', 'B', 'A', 'D']",metrocard,40.73233795166016,-74.00049591064453,180,0,NW
N080,M,"['F', 'M', 'C', 'E', 'B', 'A', 'D']",omny,40.73233795166016,-74.00049591064453,187,0,NW
N086,M,"['C', 'E']",metrocard,40.72622680664063,-74.00373840332031,68,0,NW
N086,M,"['C', 'E']",omny,40.72622680664063,-74.00373840332031,61,0,NW
N089,M,"['C', 'E', 'A']",metrocard,40.7208251953125,-74.0052261352539,121,1,NW
N089,M,"['C', 'E', 'A']",omny,40.7208251953125,-74.0052261352539,87,0,NW
N094,M,"['3', 'C', 'E', '2', 'R', 'A', 'W']",metrocard,40.714111328125,-74.00858306884766,486,1,SW
N094,M,"['3', 'C', 'E', '2', 'R', 'A', 'W']",omny,40.714111328125,-74.00858306884766,373,2,SW
N095,M,"['J', 'C', '3', '2', '5', 'Z', '4', 'A']",metrocard,40.71037292480469,-74.0065689086914,687,0,SW
N095,M,"['J', 'C', '3', '2', '5', 'Z', '4', 'A']",omny,40.71037292480469,-74.0065689086914,474,3,SW
N100,BK,"['C', 'A']",metrocard,40.699337005615234,-73.99053192138672,256,1,SW
N100,BK,"['C', 'A']",omny,40.699337005615234,-73.99053192138672,83,0,SW
N103,BK,"['F', 'C', 'R', 'A']",metrocard,40.69233703613281,-73.9859390258789,175,6,SW
N103,BK,"['F', 'C', 'R', 'A']",omny,40.69233703613281,-73.9859390258789,173,4,SW
N108,BK,"['C', 'G', 'A']",metrocard,40.68848419189453,-73.98500061035156,60,0,SW
N108,BK,"['C', 'G', 'A']",omny,40.68848419189453,-73.98500061035156,48,1,SW
N110,BK,['C'],metrocard,40.68611145019531,-73.97394561767578,14,0,SW
N110,BK,['C'],omny,40.68611145019531,-73.97394561767578,25,0,SW
N111,BK,['C'],metrocard,40.68326187133789,-73.96583557128906,39,1,SW
N111,BK,['C'],omny,40.68326187133789,-73.96583557128906,53,0,SW
N114,BK,"['C', 'S']",metrocard,40.68138122558594,-73.95684814453125,76,2,SW
N114,BK,"['C', 'S']",omny,40.68138122558594,-73.95684814453125,41,0,SW
N116,BK,"['C', 'A']",metrocard,40.68043899536133,-73.95042419433594,103,8,SW
N116,BK,"['C', 'A']",omny,40.68043899536133,-73.95042419433594,100,4,SW
N119,BK,['C'],metrocard,40.6799201965332,-73.94085693359375,60,2,SE
N119,BK,['C'],omny,40.6799201965332,-73.94085693359375,59,0,SE
N120,BK,"['C', 'A']",metrocard,40.67936325073242,-73.93073272705078,109,6,SE
N120,BK,"['C', 'A']",omny,40.67936325073242,-73.93073272705078,55,5,SE
N121B,BK,['C'],metrocard,40.6788215637207,-73.92078399658203,47,1,SE
N121B,BK,['C'],omny,40.6788215637207,-73.92078399658203,19,1,SE
N122,BK,['C'],metrocard,40.678340911865234,-73.91194915771484,52,1,SE
N122,BK,['C'],omny,40.678340911865234,-73.91194915771484,16,0,SE
N124,BK,"['J', 'C', 'Z', 'A', 'L']",metrocard,40.67949676513672,-73.90451049804688,56,8,SE
N124,BK,"['J', 'C', 'Z', 'A', 'L']",omny,40.67949676513672,-73.90451049804688,21,1,SE
N125,BK,['C'],metrocard,40.67454147338867,-73.89654541015625,32,3,SE
N125,BK,['C'],omny,40.67454147338867,-73.89654541015625,12,1,SE
N126,BK,['C'],metrocard,40.67271041870117,-73.8903579711914,26,0,SE
N126,BK,['C'],omny,40.67271041870117,-73.8903579711914,7,0,SE
N127,BK,['C'],metrocard,40.674129486083984,-73.88075256347656,30,0,SE
N127,BK,['C'],omny,40.674129486083984,-73.88075256347656,7,0,SE
N128,BK,"['C', 'A']",metrocard,40.67537689208984,-73.87210845947266,68,1,SE
N128,BK,"['C', 'A']",omny,40.67537689208984,-73.87210845947266,36,3,SE
N129,BK,['A'],metrocard,40.67704391479492,-73.86505126953125,45,0,SE
N129,BK,['A'],omny,40.67704391479492,-73.86505126953125,26,0,SE
N131,Q,['A'],metrocard,40.67937088012695,-73.85899353027344,32,0,SE
N131,Q,['A'],omny,40.67937088012695,-73.85899353027344,21,0,SE
N133,Q,['A'],metrocard,40.67984390258789,-73.85147094726562,27,0,SE
N133,Q,['A'],omny,40.67984390258789,-73.85147094726562,17,0,SE
N134,Q,['A'],metrocard,40.68042755126953,-73.84385681152344,44,2,SE
N134,Q,['A'],omny,40.68042755126953,-73.84385681152344,22,3,SE
N137,Q,['A'],metrocard,40.68170928955078,-73.83768463134766,11,0,SE
N137,Q,['A'],omny,40.68170928955078,-73.83768463134766,1,0,SE
N139,Q,['A'],metrocard,40.684329986572266,-73.83216094970703,9,1,SE
N139,Q,['A'],omny,40.684329986572266,-73.83216094970703,7,0,SE
N141,Q,['A'],metrocard,40.68595123291016,-73.82579803466797,38,2,SE
N141,Q,['A'],omny,40.68595123291016,-73.82579803466797,9,2,SE
N181,Q,['A'],metrocard,40.668235778808594,-73.83406066894531,2,0,SE
N181A,Q,['A'],metrocard,40.672096252441406,-73.83592224121094,7,1,SE
N181A,Q,['A'],omny,40.672096252441406,-73.83592224121094,3,0,SE
N182,Q,['A'],metrocard,40.66047668457031,-73.8302993774414,44,0,SE
N182,Q,['A'],omny,40.66047668457031,-73.8302993774414,20,0,SE
N183,Q,"['S', 'A']",metrocard,40.60838317871094,-73.81592559814453,1,0,SE
N184,Q,"['S', 'A']",metrocard,40.588035583496094,-73.81364440917969,5,0,SE
N184,Q,"['S', 'A']",omny,40.588035583496094,-73.81364440917969,8,0,SE
N185,Q,"['S', 'A']",metrocard,40.58530807495117,-73.820556640625,9,0,SE
N186,Q,"['S', 'A']",omny,40.58320999145508,-73.82756042480469,1,0,SE
N187,Q,"['S', 'A']",metrocard,40.580902099609375,-73.8355941772461,10,0,SE
N187,Q,"['S', 'A']",omny,40.580902099609375,-73.8355941772461,2,0,SE
N191,Q,['A'],metrocard,40.59092712402344,-73.79692077636719,19,0,SE
N191,Q,['A'],omny,40.59092712402344,-73.79692077636719,9,0,SE
N192,Q,['A'],metrocard,40.59237289428711,-73.78852081298828,15,0,SE
N192,Q,['A'],omny,40.59237289428711,-73.78852081298828,10,0,SE
N193,Q,['A'],metrocard,40.59294128417969,-73.77601623535156,1,0,SE
N193,Q,['A'],omny,40.59294128417969,-73.77601623535156,4,0,SE
N194,Q,['A'],metrocard,40.59539794921875,-73.76817321777344,6,0,SE
N194,Q,['A'],omny,40.59539794921875,-73.76817321777344,5,0,SE
N195,Q,['A'],metrocard,40.60006713867188,-73.7613525390625,12,0,SE
N195,Q,['A'],omny,40.60006713867188,-73.7613525390625,5,0,SE
N196,Q,['A'],metrocard,40.60399627685547,-73.75540161132812,37,0,SE
N196,Q,['A'],omny,40.60399627685547,-73.75540161132812,15,0,SE
N202,M,"['B', 'D']",metrocard,40.83013534545898,-73.9382095336914,36,0,NE
N202,M,"['B', 'D']",omny,40.83013534545898,-73.9382095336914,7,0,NE
N203,BX,"['4', 'B', 'D']",metrocard,40.82799530029297,-73.92565155029297,148,4,NE
N203,BX,"['4', 'B', 'D']",omny,40.82799530029297,-73.92565155029297,44,6,NE
N207,BX,"['B', 'D']",metrocard,40.833770751953125,-73.91844177246094,73,1,NE
N207,BX,"['B', 'D']",omny,40.833770751953125,-73.91844177246094,21,1,NE
N209,BX,"['B', 'D']",metrocard,40.83930587768555,-73.91339874267578,36,1,NE
N209,BX,"['B', 'D']",omny,40.83930587768555,-73.91339874267578,14,0,NE
N210,BX,"['B', 'D']",metrocard,40.84590148925781,-73.9101333618164,37,0,NE
N210,BX,"['B', 'D']",omny,40.84590148925781,-73.9101333618164,13,0,NE
N213,BX,"['B', 'D']",metrocard,40.85041046142578,-73.90522766113281,40,3,NE
N213,BX,"['B', 'D']",omny,40.85041046142578,-73.90522766113281,22,1,NE
N215,BX,"['B', 'D']",metrocard,40.85609436035156,-73.90074157714844,27,0,NE
N215,BX,"['B', 'D']",omny,40.85609436035156,-73.90074157714844,12,0,NE
N217,BX,"['B', 'D']",metrocard,40.86129760742188,-73.89775085449219,72,7,NE
N217,BX,"['B', 'D']",omny,40.86129760742188,-73.89775085449219,25,1,NE
N221,BX,"['B', 'D']",metrocard,40.86697769165039,-73.89350891113281,52,0,NE
N221,BX,"['B', 'D']",omny,40.86697769165039,-73.89350891113281,19,0,NE
N222,BX,"['B', 'D']",metrocard,40.87324523925781,-73.88713836669922,33,0,NE
N222,BX,"['B', 'D']",omny,40.87324523925781,-73.88713836669922,10,0,NE
N224,BX,['D'],metrocard,40.87480926513672,-73.87885284423828,41,0,NE
N224,BX,['D'],omny,40.87480926513672,-73.87885284423828,18,1,NE
N301,M,"['E', 'B', 'D']",metrocard,40.76286315917969,-73.98163604736328,112,1,NW
N301,M,"['E', 'B', 'D']",omny,40.76286315917969,-73.98163604736328,104,0,NW
N303,M,"['M', 'E']",metrocard,40.76016616821289,-73.97522735595703,128,1,NW
N303,M,"['M', 'E']",omny,40.76016616821289,-73.97522735595703,88,0,NW
N305,M,"['M', 'E', '6']",metrocard,40.75755310058594,-73.96905517578125,295,1,NW
N305,M,"['M', 'E', '6']",omny,40.75755310058594,-73.96905517578125,245,1,NW
N307,Q,"['M', 'E', 'G', '7']",metrocard,40.74784469604492,-73.94383239746094,141,2,NE
N307,Q,"['M', 'E', 'G', '7']",omny,40.74784469604492,-73.94383239746094,116,1,NE
N309A,Q,"['M', 'E', 'R']",metrocard,40.74897384643555,-73.93724060058594,88,5,NE
N309A,Q,"['M', 'E', 'R']",omny,40.74897384643555,-73.93724060058594,146,4,NE
N312,Q,"['M', 'R']",metrocard,40.75204086303711,-73.92877960205078,17,1,NE
N312,Q,"['M', 'R']",omny,40.75204086303711,-73.92877960205078,19,0,NE
N315,Q,"['M', 'R']",metrocard,40.75687789916992,-73.92073822021484,72,0,NE
N315,Q,"['M', 'R']",omny,40.75687789916992,-73.92073822021484,75,0,NE
N316,Q,"['M', 'R']",metrocard,40.75631332397461,-73.913330078125,45,0,NE
N316,Q,"['M', 'R']",omny,40.75631332397461,-73.913330078125,55,2,NE
N318,Q,"['M', 'R']",metrocard,40.75288391113281,-73.906005859375,41,3,NE
N318,Q,"['M', 'R']",omny,40.75288391113281,-73.906005859375,18,2,NE
N322,Q,"['M', 'R']",metrocard,40.74966812133789,-73.89845275878906,29,0,NE
N322,Q,"['M', 'R']",omny,40.74966812133789,-73.89845275878906,17,0,NE
N325A,Q,"['M', 'R']",metrocard,40.742454528808594,-73.88201904296875,135,1,NE
N325A,Q,"['M', 'R']",omny,40.742454528808594,-73.88201904296875,67,0,NE
N327,Q,"['M', 'R']",metrocard,40.73701477050781,-73.8772201538086,175,6,NE
N327,Q,"['M', 'R']",omny,40.73701477050781,-73.8772201538086,97,14,NE
N329,Q,"['M', 'R']",metrocard,40.73310470581055,-73.86923217773438,148,12,NE
N329,Q,"['M', 'R']",omny,40.73310470581055,-73.86923217773438,69,12,NE
N330B,Q,"['M', 'R']",metrocard,40.7298469543457,-73.86160278320312,129,0,NE
N330B,Q,"['M', 'R']",omny,40.7298469543457,-73.86160278320312,61,2,NE
N331,Q,"['M', 'R']",metrocard,40.726524353027344,-73.85272216796875,70,0,NE
N331,Q,"['M', 'R']",omny,40.726524353027344,-73.85272216796875,26,1,NE
N333A,Q,"['F', 'M', 'E', 'R']",metrocard,40.7216911315918,-73.84452056884766,179,17,NE
N333A,Q,"['F', 'M', 'E', 'R']",omny,40.7216911315918,-73.84452056884766,79,11,NE
N334B,Q,"['F', 'E']",metrocard,40.71833038330078,-73.83732604980469,29,0,SE
N334B,Q,"['F', 'E']",omny,40.71833038330078,-73.83732604980469,22,0,SE
N336,Q,"['F', 'E']",metrocard,40.71443939208984,-73.83100891113281,180,36,SE
N336,Q,"['F', 'E']",omny,40.71443939208984,-73.83100891113281,75,25,SE
N337,Q,"['F', 'E']",metrocard,40.70917892456055,-73.82057189941406,43,0,SE
N337,Q,"['F', 'E']",omny,40.70917892456055,-73.82057189941406,13,0,SE
N338B,Q,['F'],metrocard,40.70545959472656,-73.81070709228516,31,2,SE
N338B,Q,['F'],omny,40.70545959472656,-73.81070709228516,14,1,SE
N339A,Q,['F'],metrocard,40.70756530761719,-73.80332946777344,60,2,SE
N339A,Q,['F'],omny,40.70756530761719,-73.80332946777344,16,2,SE
N340A,Q,['F'],metrocard,40.71046829223633,-73.7936019897461,54,3,SE
N340A,Q,['F'],omny,40.71046829223633,-73.7936019897461,31,3,SE
N343,Q,['F'],metrocard,40.712646484375,-73.7838134765625,167,30,SE
N343,Q,['F'],omny,40.712646484375,-73.7838134765625,46,16,SE
N401,Q,['G'],metrocard,40.74406433105469,-73.94972229003906,4,0,NW
N401,Q,['G'],omny,40.74406433105469,-73.94972229003906,6,0,NW
N405,BK,['G'],metrocard,40.731353759765625,-73.95445251464844,38,1,NW
N405,BK,['G'],omny,40.731353759765625,-73.95445251464844,48,1,NW
N408A,BK,['G'],metrocard,40.72463607788086,-73.95127868652344,39,0,NW
N408A,BK,['G'],omny,40.72463607788086,-73.95127868652344,36,0,NW
N412,BK,['G'],metrocard,40.706092834472656,-73.95030975341797,33,0,SW
N412,BK,['G'],omny,40.706092834472656,-73.95030975341797,16,1,SW
N414,BK,['G'],metrocard,40.70037841796875,-73.95023345947266,23,0,SW
N414,BK,['G'],omny,40.70037841796875,-73.95023345947266,10,0,SW
N415,BK,['G'],metrocard,40.6945686340332,-73.94904327392578,51,1,SW
N415,BK,['G'],omny,40.6945686340332,-73.94904327392578,25,0,SW
N417,BK,['G'],metrocard,40.68962860107422,-73.95352172851562,45,0,SW
N417,BK,['G'],omny,40.68962860107422,-73.95352172851562,49,1,SW
N419,BK,['G'],metrocard,40.688873291015625,-73.96006774902344,24,1,SW
N419,BK,['G'],omny,40.688873291015625,-73.96006774902344,35,1,SW
N420B,BK,['G'],metrocard,40.688087463378906,-73.96684265136719,20,0,SW
N420B,BK,['G'],omny,40.688087463378906,-73.96684265136719,29,1,SW
N422,BK,['G'],metrocard,40.68711853027344,-73.97537231445312,19,0,SW
N422,BK,['G'],omny,40.68711853027344,-73.97537231445312,20,0,SW
N500,M,"['F', 'M', 'B', 'D']",metrocard,40.75866317749024,-73.98133087158203,516,1,NW
N500,M,"['F', 'M', 'B', 'D']",omny,40.75866317749024,-73.98133087158203,280,5,NW
N508,M,"['F', 'M']",metrocard,40.74287796020508,-73.9928207397461,139,0,NW
N508,M,"['F', 'M']",omny,40.74287796020508,-73.9928207397461,86,1,NW
N512,M,"['F', 'M', '3', '1', '2', 'L']",metrocard,40.73822784423828,-73.99620819091797,257,10,NW
N512,M,"['F', 'M', '3', '1', '2', 'L']",omny,40.73822784423828,-73.99620819091797,176,1,NW
N520,M,"['B', 'D']",metrocard,40.71826553344727,-73.9937515258789,275,0,SW
N520,M,"['B', 'D']",omny,40.71826553344727,-73.9937515258789,125,0,SW
N523,M,['F'],metrocard,40.7234001159668,-73.98993682861328,119,0,NW
N523,M,['F'],omny,40.7234001159668,-73.98993682861328,130,0,NW
N525,M,"['F', 'M', 'J', 'Z']",metrocard,40.71861267089844,-73.98743438720703,197,1,SW
N525,M,"['F', 'M', 'J', 'Z']",omny,40.71861267089844,-73.98743438720703,120,3,SW
N529,M,['F'],metrocard,40.713714599609375,-73.99017333984375,155,1,SW
N529,M,['F'],omny,40.713714599609375,-73.99017333984375,103,1,SW
N530,BK,['F'],metrocard,40.70139694213867,-73.98674774169922,236,0,SW
N530,BK,['F'],omny,40.70139694213867,-73.98674774169922,101,0,SW
N532,BK,"['F', 'G']",metrocard,40.6861457824707,-73.99085998535156,57,1,SW
N532,BK,"['F', 'G']",omny,40.6861457824707,-73.99085998535156,55,0,SW
N535,BK,"['F', 'G']",metrocard,40.680301666259766,-73.99504852294922,52,1,SW
N535,BK,"['F', 'G']",omny,40.680301666259766,-73.99504852294922,73,0,SW
N536,BK,"['F', 'G']",metrocard,40.67358016967773,-73.99595642089844,13,1,SW
N536,BK,"['F', 'G']",omny,40.67358016967773,-73.99595642089844,13,2,SW
N539A,BK,"['F', 'G']",metrocard,40.6662712097168,-73.98030853271484,69,2,SW
N539A,BK,"['F', 'G']",omny,40.6662712097168,-73.98030853271484,66,1,SW
N542,BK,"['F', 'G']",metrocard,40.66036605834961,-73.9794921875,22,0,SW
N542,BK,"['F', 'G']",omny,40.66036605834961,-73.9794921875,27,4,SW
N543,BK,"['F', 'G']",metrocard,40.65078353881836,-73.97577667236328,39,0,SW
N543,BK,"['F', 'G']",omny,40.65078353881836,-73.97577667236328,33,0,SW
N546,BK,"['F', 'G']",metrocard,40.644039154052734,-73.97967529296875,78,5,SW
N546,BK,"['F', 'G']",omny,40.644039154052734,-73.97967529296875,52,4,SW
N548,BK,['F'],metrocard,40.6361198425293,-73.9781723022461,22,0,SW
N548,BK,['F'],omny,40.6361198425293,-73.9781723022461,10,0,SW
N549,BK,['F'],metrocard,40.62975311279297,-73.97697448730469,27,0,SW
N549,BK,['F'],omny,40.62975311279297,-73.97697448730469,9,0,SW
N551,BK,['F'],metrocard,40.62532043457031,-73.97612762451172,7,0,SW
N551,BK,['F'],omny,40.62532043457031,-73.97612762451172,6,0,SW
N553,BK,['F'],metrocard,40.62076950073242,-73.97526550292969,2,0,SW
N553,BK,['F'],omny,40.62076950073242,-73.97526550292969,2,0,SW
N555,BK,['F'],metrocard,40.61513900756836,-73.97419738769531,16,0,SW
N555,BK,['F'],omny,40.61513900756836,-73.97419738769531,8,0,SW
N556,BK,['F'],metrocard,40.60894393920898,-73.9730224609375,12,0,SW
N556,BK,['F'],omny,40.60894393920898,-73.9730224609375,10,0,SW
N557,BK,['F'],metrocard,40.60321807861328,-73.97235870361328,20,0,SW
N557,BK,['F'],omny,40.60321807861328,-73.97235870361328,14,0,SW
N559,BK,['F'],metrocard,40.59606170654297,-73.97335815429688,12,1,SW
N559,BK,['F'],omny,40.59606170654297,-73.97335815429688,7,2,SW
N561,BK,['F'],metrocard,40.58961868286133,-73.97425079345703,13,0,SW
N561,BK,['F'],omny,40.58961868286133,-73.97425079345703,6,0,SW
N562,BK,['F'],metrocard,40.58101272583008,-73.97457122802734,24,0,SW
N562,BK,['F'],omny,40.58101272583008,-73.97457122802734,2,0,SW
N600,M,['F'],metrocard,40.763973236083984,-73.97744750976562,133,0,NW
N600,M,['F'],omny,40.763973236083984,-73.97744750976562,101,3,NW
N601,M,"['F', 'Q']",metrocard,40.76462936401367,-73.96611022949219,88,11,NW
N601,M,"['F', 'Q']",omny,40.76462936401367,-73.96611022949219,69,6,NW
N602,M,['F'],metrocard,40.7591438293457,-73.95326232910156,123,3,NW
N602,M,['F'],omny,40.7591438293457,-73.95326232910156,61,1,NW
N603,Q,['F'],metrocard,40.75420379638672,-73.94283294677734,117,6,NE
N603,Q,['F'],omny,40.75420379638672,-73.94283294677734,55,14,NE
N604,Q,['E'],metrocard,40.70256423950195,-73.81685638427734,26,1,SE
N604,Q,['E'],omny,40.70256423950195,-73.81685638427734,9,0,SE
N605,Q,"['J', 'E', 'Z']",metrocard,40.70048522949219,-73.80796813964844,304,22,SE
N605,Q,"['J', 'E', 'Z']",omny,40.70048522949219,-73.80796813964844,58,6,SE
N606,Q,"['J', 'E', 'Z']",metrocard,40.7021484375,-73.80110931396484,169,43,SE
N606,Q,"['J', 'E', 'Z']",omny,40.7021484375,-73.80110931396484,46,20,SE
N700,M,['Q'],metrocard,40.768798828125,-73.95842742919922,130,0,NW
N700,M,['Q'],omny,40.768798828125,-73.95842742919922,126,1,NW
N701,M,['Q'],metrocard,40.77788925170898,-73.95178985595703,145,0,NW
N701,M,['Q'],omny,40.77788925170898,-73.95178985595703,164,1,NW
N702,M,['Q'],metrocard,40.78431701660156,-73.94715118408203,160,2,NW
N702,M,['Q'],omny,40.78431701660156,-73.94715118408203,107,3,NW
R101,M,"['1', 'R', 'W']",metrocard,40.703086853027344,-74.01299285888672,298,18,SW
R101,M,"['1', 'R', 'W']",omny,40.703086853027344,-74.01299285888672,126,12,SW
R103,M,['1'],metrocard,40.70751190185547,-74.01378631591797,168,0,SW
R103,M,['1'],omny,40.70751190185547,-74.01378631591797,64,0,SW
R106,M,['1'],metrocard,40.71183395385742,-74.01219177246094,233,0,SW
R106,M,['1'],omny,40.71183395385742,-74.01219177246094,105,0,SW
R111,M,"['3', '2']",metrocard,40.70682144165039,-74.00910186767578,107,0,SW
R111,M,"['3', '2']",omny,40.70682144165039,-74.00910186767578,79,0,SW
R116,M,"['3', '1', '2']",metrocard,40.715476989746094,-74.00926971435547,43,0,SW
R116,M,"['3', '1', '2']",omny,40.715476989746094,-74.00926971435547,39,0,SW
R117,M,['1'],metrocard,40.71931838989258,-74.00688934326172,25,0,NW
R117,M,['1'],omny,40.71931838989258,-74.00688934326172,30,0,NW
R119,M,['1'],metrocard,40.72285461425781,-74.00627899169922,32,0,NW
R119,M,['1'],omny,40.72285461425781,-74.00627899169922,25,0,NW
R123,M,['1'],metrocard,40.72825241088867,-74.00536346435547,72,1,NW
R123,M,['1'],omny,40.72825241088867,-74.00536346435547,45,0,NW
R125,M,['1'],metrocard,40.7334213256836,-74.0029067993164,109,0,NW
R125,M,['1'],omny,40.7334213256836,-74.0029067993164,66,0,NW
R129,M,['1'],metrocard,40.74103927612305,-73.99787139892578,37,0,NW
R129,M,['1'],omny,40.74103927612305,-73.99787139892578,23,0,NW
R131,M,['1'],metrocard,40.74407958984375,-73.99565887451172,108,1,NW
R131,M,['1'],omny,40.74407958984375,-73.99565887451172,57,0,NW
R133,M,['1'],metrocard,40.747215270996094,-73.99336242675781,158,0,NW
R133,M,['1'],omny,40.747215270996094,-73.99336242675781,103,0,NW
R135,M,"['3', '1', '2']",metrocard,40.75037384033203,-73.99105834960938,503,5,NW
R135,M,"['3', '1', '2']",omny,40.75037384033203,-73.99105834960938,337,1,NW
R154,M,['1'],metrocard,40.76172637939453,-73.98384857177734,253,0,NW
R154,M,['1'],omny,40.76172637939453,-73.98384857177734,171,1,NW
R160,M,['1'],metrocard,40.77344131469727,-73.98220825195312,117,3,NW
R160,M,['1'],omny,40.77344131469727,-73.98220825195312,96,0,NW
R161B,M,"['3', '1', '2']",metrocard,40.7784538269043,-73.98197174072266,258,5,NW
R161B,M,"['3', '1', '2']",omny,40.7784538269043,-73.98197174072266,201,3,NW
R162,M,['1'],metrocard,40.783935546875,-73.97991943359375,134,2,NW
R162,M,['1'],omny,40.783935546875,-73.97991943359375,105,3,NW
R164,M,['1'],metrocard,40.78864288330078,-73.9762191772461,155,8,NW
R164,M,['1'],omny,40.78864288330078,-73.9762191772461,106,1,NW
R168,M,"['3', '1', '2']",metrocard,40.79391860961914,-73.97232055664062,267,7,NW
R168,M,"['3', '1', '2']",omny,40.79391860961914,-73.97232055664062,237,2,NW
R170,M,['1'],metrocard,40.79944610595703,-73.96837615966797,142,0,NW
R170,M,['1'],omny,40.79944610595703,-73.96837615966797,102,0,NW
R172,M,['1'],metrocard,40.8039665222168,-73.96685028076172,146,0,NW
R172,M,['1'],omny,40.8039665222168,-73.96685028076172,134,0,NW
R173,M,['1'],metrocard,40.80772018432617,-73.964111328125,122,0,NW
R173,M,['1'],omny,40.80772018432617,-73.964111328125,126,0,NW
R174,M,['1'],metrocard,40.81558227539063,-73.9583740234375,74,0,NW
R174,M,['1'],omny,40.81558227539063,-73.9583740234375,84,2,NW
R176,M,['1'],metrocard,40.82200622558594,-73.95367431640625,98,2,NW
R176,M,['1'],omny,40.82200622558594,-73.95367431640625,90,1,NW
R178,M,['1'],metrocard,40.8265495300293,-73.95036315917969,78,0,NW
R178,M,['1'],omny,40.8265495300293,-73.95036315917969,62,1,NW
R180,M,['1'],metrocard,40.83404159545898,-73.94489288330078,117,2,NW
R180,M,['1'],omny,40.83404159545898,-73.94489288330078,57,0,NW
R182,M,"['C', '1', 'A']",metrocard,40.84071731567383,-73.93955993652344,144,2,NE
R182,M,"['C', '1', 'A']",omny,40.84071731567383,-73.93955993652344,110,0,NE
R183,M,['1'],metrocard,40.84950637817383,-73.93359375,100,12,NE
R183,M,['1'],omny,40.84950637817383,-73.93359375,27,2,NE
R185,M,['1'],metrocard,40.855224609375,-73.92941284179688,72,0,NE
R185,M,['1'],omny,40.855224609375,-73.92941284179688,30,0,NE
R186,M,['1'],metrocard,40.86053085327149,-73.925537109375,81,0,NE
R186,M,['1'],omny,40.86053085327149,-73.925537109375,22,0,NE
R188,M,['1'],metrocard,40.86462020874024,-73.9188232421875,46,3,NE
R188,M,['1'],omny,40.86462020874024,-73.9188232421875,11,0,NE
R190,M,['1'],metrocard,40.86944580078125,-73.91527557373047,20,0,NE
R190,M,['1'],omny,40.86944580078125,-73.91527557373047,17,0,NE
R192,M,['1'],metrocard,40.87456130981445,-73.90982818603516,42,2,NE
R192,M,['1'],omny,40.87456130981445,-73.90982818603516,13,0,NE
R194,BX,['1'],metrocard,40.87885665893555,-73.90483093261719,60,11,NE
R194,BX,['1'],omny,40.87885665893555,-73.90483093261719,35,4,NE
R196,BX,['1'],metrocard,40.88466644287109,-73.90087127685547,27,0,NE
R196,BX,['1'],omny,40.88466644287109,-73.90087127685547,24,1,NE
R197,BX,['1'],metrocard,40.88924789428711,-73.8985824584961,40,6,NE
R197,BX,['1'],omny,40.88924789428711,-73.8985824584961,19,0,NE
R201,M,"['5', '4']",metrocard,40.70481872558594,-74.01406860351562,216,4,SW
R201,M,"['5', '4']",omny,40.70481872558594,-74.01406860351562,110,3,SW
R203,M,"['5', '4']",metrocard,40.707557678222656,-74.0118637084961,111,0,SW
R203,M,"['5', '4']",omny,40.707557678222656,-74.0118637084961,92,0,SW
R215,M,['6'],metrocard,40.7223014831543,-73.99713897705078,82,0,NW
R215,M,['6'],omny,40.7223014831543,-73.99713897705078,48,0,NW
R217,M,"['F', 'M', 'B', 'D', '6']",metrocard,40.72591400146485,-73.99465942382812,161,1,NW
R217,M,"['F', 'M', 'B', 'D', '6']",omny,40.72591400146485,-73.99465942382812,122,2,NW
R219,M,['6'],metrocard,40.73005294799805,-73.99107360839844,85,0,NW
R219,M,['6'],omny,40.73005294799805,-73.99107360839844,51,0,NW
R226,M,['6'],metrocard,40.739864349365234,-73.98660278320312,105,1,NW
R226,M,['6'],omny,40.739864349365234,-73.98660278320312,110,0,NW
R228,M,['6'],metrocard,40.74306869506836,-73.98426055908203,95,1,NW
R228,M,['6'],omny,40.74306869506836,-73.98426055908203,74,0,NW
R231,M,['6'],metrocard,40.7460823059082,-73.9820785522461,155,0,NW
R231,M,['6'],omny,40.7460823059082,-73.9820785522461,120,2,NW
R238,M,"['5', 'S', '4', '7', '6']",metrocard,40.75177764892578,-73.97684478759766,1033,3,NW
R238,M,"['5', 'S', '4', '7', '6']",omny,40.75177764892578,-73.97684478759766,638,3,NW
R246,M,['6'],metrocard,40.76814270019531,-73.9638671875,53,0,NW
R246,M,['6'],omny,40.76814270019531,-73.9638671875,42,2,NW
R247,M,['6'],metrocard,40.77362060546875,-73.95987701416016,148,2,NW
R247,M,['6'],omny,40.77362060546875,-73.95987701416016,76,4,NW
R249,M,"['5', '4', '6']",metrocard,40.77949142456055,-73.9555892944336,207,11,NW
R249,M,"['5', '4', '6']",omny,40.77949142456055,-73.9555892944336,170,3,NW
R251,M,['6'],metrocard,40.78567123413086,-73.9510726928711,87,1,NW
R251,M,['6'],omny,40.78567123413086,-73.9510726928711,83,4,NW
R252,M,['6'],metrocard,40.79059982299805,-73.94747924804688,100,0,NW
R252,M,['6'],omny,40.79059982299805,-73.94747924804688,38,0,NW
R254,M,['6'],metrocard,40.795021057128906,-73.94425201416016,86,0,NW
R254,M,['6'],omny,40.795021057128906,-73.94425201416016,43,1,NW
R256,M,['6'],metrocard,40.79862976074219,-73.94161987304688,158,5,NE
R256,M,['6'],omny,40.79862976074219,-73.94161987304688,55,0,NE
R258,M,"['5', '4', '6']",metrocard,40.80413818359375,-73.93759155273438,194,10,NE
R258,M,"['5', '4', '6']",omny,40.80413818359375,-73.93759155273438,76,9,NE
R259,BX,"['5', '4']",metrocard,40.81322479248047,-73.92984771728516,14,0,NE
R259,BX,"['5', '4']",omny,40.81322479248047,-73.92984771728516,9,0,NE
R261,BX,"['2', '5', '4']",metrocard,40.81837463378906,-73.92735290527344,58,7,NE
R261,BX,"['2', '5', '4']",omny,40.81837463378906,-73.92735290527344,26,3,NE
R283,BX,['4'],metrocard,40.83553695678711,-73.92140197753906,94,3,NE
R283,BX,['4'],omny,40.83553695678711,-73.92140197753906,22,1,NE
R284,BX,['4'],metrocard,40.8400764465332,-73.91779327392578,49,1,NE
R284,BX,['4'],omny,40.8400764465332,-73.91779327392578,21,1,NE
R285,BX,['4'],metrocard,40.84443283081055,-73.91468811035156,32,0,NE
R285,BX,['4'],omny,40.84443283081055,-73.91468811035156,7,0,NE
R286,BX,['4'],metrocard,40.848480224609375,-73.91179656982422,44,0,NE
R286,BX,['4'],omny,40.848480224609375,-73.91179656982422,17,0,NE
R287,BX,['4'],metrocard,40.85345458984375,-73.90768432617188,94,4,NE
R287,BX,['4'],omny,40.85345458984375,-73.90768432617188,18,0,NE
R288,BX,['4'],metrocard,40.85840606689453,-73.90387725830078,40,0,NE
R288,BX,['4'],omny,40.85840606689453,-73.90387725830078,26,0,NE
R289,BX,['4'],metrocard,40.8628044128418,-73.90103149414062,81,3,NE
R289,BX,['4'],omny,40.8628044128418,-73.90103149414062,36,0,NE
R290,BX,['4'],metrocard,40.86775970458984,-73.89717102050781,71,3,NE
R290,BX,['4'],omny,40.86775970458984,-73.89717102050781,28,0,NE
R291,BX,['4'],metrocard,40.8734130859375,-73.89006042480469,24,0,NE
R291,BX,['4'],omny,40.8734130859375,-73.89006042480469,6,1,NE
R293,BX,['4'],metrocard,40.8797492980957,-73.88465881347656,64,2,NE
R293,BX,['4'],omny,40.8797492980957,-73.88465881347656,35,1,NE
R294,BX,['4'],metrocard,40.88603591918945,-73.87875366210938,29,5,NE
R294,BX,['4'],omny,40.88603591918945,-73.87875366210938,5,3,NE
R301,M,"['3', '2']",metrocard,40.799076080322266,-73.95182037353516,82,0,NW
R301,M,"['3', '2']",omny,40.799076080322266,-73.95182037353516,43,1,NW
R302,M,"['3', '2']",metrocard,40.80209732055664,-73.94962310791016,226,5,NW
R302,M,"['3', '2']",omny,40.80209732055664,-73.94962310791016,75,5,NW
R304,M,"['3', '2']",metrocard,40.80775451660156,-73.94549560546875,237,7,NW
R304,M,"['3', '2']",omny,40.80775451660156,-73.94549560546875,89,1,NW
R306,M,"['3', '2']",metrocard,40.81422805786133,-73.9407730102539,141,5,NE
R306,M,"['3', '2']",omny,40.81422805786133,-73.9407730102539,60,1,NE
R308,M,['3'],metrocard,40.82041931152344,-73.93624877929688,17,0,NE
R308,M,['3'],omny,40.82041931152344,-73.93624877929688,11,0,NE
R309,M,['3'],metrocard,40.82387924194336,-73.93647003173828,21,0,NE
R309,M,['3'],omny,40.82387924194336,-73.93647003173828,1,0,NE
R310,BX,"['2', '5']",metrocard,40.81610870361328,-73.91775512695312,112,7,NE
R310,BX,"['2', '5']",omny,40.81610870361328,-73.91775512695312,34,3,NE
R312,BX,"['2', '5']",metrocard,40.81649017333984,-73.90780639648438,34,0,NE
R312,BX,"['2', '5']",omny,40.81649017333984,-73.90780639648438,14,0,NE
R314,BX,"['2', '5']",metrocard,40.819583892822266,-73.90177154541016,34,1,NE
R314,BX,"['2', '5']",omny,40.819583892822266,-73.90177154541016,24,1,NE
R316,BX,"['2', '5']",metrocard,40.82218170166016,-73.89673614501953,23,0,NE
R316,BX,"['2', '5']",omny,40.82218170166016,-73.89673614501953,14,0,NE
R318,BX,"['2', '5']",metrocard,40.82407379150391,-73.89306640625,45,4,NE
R318,BX,"['2', '5']",omny,40.82407379150391,-73.89306640625,15,1,NE
R320,BX,"['2', '5']",metrocard,40.82999420166016,-73.8918685913086,34,0,NE
R320,BX,"['2', '5']",omny,40.82999420166016,-73.8918685913086,10,0,NE
R322,BX,"['2', '5']",metrocard,40.83728790283203,-73.88773345947266,37,3,NE
R322,BX,"['2', '5']",omny,40.83728790283203,-73.88773345947266,17,4,NE
R323,BX,"['2', '5']",metrocard,40.840293884277344,-73.88005065917969,37,1,NE
R323,BX,"['2', '5']",omny,40.840293884277344,-73.88005065917969,15,1,NE
R325,BX,"['2', '5']",metrocard,40.84189224243164,-73.87348937988281,62,5,NE
R325,BX,"['2', '5']",omny,40.84189224243164,-73.87348937988281,29,4,NE
R326,BX,"['2', '5']",omny,40.84882736206055,-73.86845397949219,1,0,NE
R328,BX,"['2', '5']",metrocard,40.85719299316406,-73.86761474609375,46,0,NE
R328,BX,"['2', '5']",omny,40.85719299316406,-73.86761474609375,24,1,NE
R329,BX,"['2', '5']",metrocard,40.86546325683594,-73.86735534667969,32,0,NE
R329,BX,"['2', '5']",omny,40.86546325683594,-73.86735534667969,4,0,NE
R330,BX,"['2', '5']",metrocard,40.87135696411133,-73.8671646118164,27,0,NE
R330,BX,"['2', '5']",omny,40.87135696411133,-73.8671646118164,4,0,NE
R331,BX,"['2', '5']",metrocard,40.87784957885742,-73.86625671386719,53,0,NE
R331,BX,"['2', '5']",omny,40.87784957885742,-73.86625671386719,14,0,NE
R332,BX,"['2', '5']",metrocard,40.88389587402344,-73.86263275146484,27,0,NE
R332,BX,"['2', '5']",omny,40.88389587402344,-73.86263275146484,8,0,NE
R333,BX,"['2', '5']",metrocard,40.88802337646485,-73.86034393310547,26,0,NE
R333,BX,"['2', '5']",omny,40.88802337646485,-73.86034393310547,1,0,NE
R334,BX,"['2', '5']",metrocard,40.893192291259766,-73.85747528076172,33,3,NE
R334,BX,"['2', '5']",omny,40.893192291259766,-73.85747528076172,6,0,NE
R335,BX,"['2', '5']",metrocard,40.898380279541016,-73.85437774658203,25,1,NE
R335,BX,"['2', '5']",omny,40.898380279541016,-73.85437774658203,4,0,NE
R336,BX,['2'],metrocard,40.90312576293945,-73.85061645507812,48,1,NE
R336,BX,['2'],omny,40.90312576293945,-73.85061645507812,20,0,NE
R401,BX,['6'],metrocard,40.81047439575195,-73.92613983154297,61,0,NE
R401,BX,['6'],omny,40.81047439575195,-73.92613983154297,18,0,NE
R402,BX,['6'],metrocard,40.80756759643555,-73.91924285888672,57,0,NE
R402,BX,['6'],omny,40.80756759643555,-73.91924285888672,13,0,NE
R404,BX,['6'],metrocard,40.80536651611328,-73.9140396118164,24,0,NE
R404,BX,['6'],omny,40.80536651611328,-73.9140396118164,8,0,NE
R406,BX,['6'],metrocard,40.808719635009766,-73.90765380859375,4,0,NE
R408,BX,['6'],metrocard,40.81211853027344,-73.90409851074219,32,1,NE
R408,BX,['6'],omny,40.81211853027344,-73.90409851074219,18,1,NE
R410,BX,['6'],metrocard,40.816104888916016,-73.89643859863281,17,0,NE
R410,BX,['6'],omny,40.816104888916016,-73.89643859863281,9,0,NE
R412,BX,['6'],metrocard,40.82094955444336,-73.89054870605469,49,1,NE
R412,BX,['6'],omny,40.82094955444336,-73.89054870605469,15,1,NE
R413,BX,['6'],metrocard,40.8265266418457,-73.88628387451172,12,0,NE
R413,BX,['6'],omny,40.8265266418457,-73.88628387451172,4,0,NE
R414,BX,['6'],metrocard,40.82858276367188,-73.87915802001953,41,0,NE
R414,BX,['6'],omny,40.82858276367188,-73.87915802001953,25,0,NE
R415,BX,['6'],metrocard,40.82952117919922,-73.87451934814453,39,0,NE
R415,BX,['6'],omny,40.82952117919922,-73.87451934814453,13,1,NE
R416,BX,['6'],metrocard,40.83150863647461,-73.86761474609375,38,0,NE
R416,BX,['6'],omny,40.83150863647461,-73.86761474609375,7,0,NE
R417,BX,['6'],metrocard,40.83322525024414,-73.8608169555664,105,2,NE
R417,BX,['6'],omny,40.83322525024414,-73.8608169555664,36,3,NE
R418,BX,['6'],metrocard,40.83425521850586,-73.8512191772461,38,0,NE
R418,BX,['6'],omny,40.83425521850586,-73.8512191772461,19,0,NE
R419,BX,['6'],metrocard,40.83648681640625,-73.84703826904297,22,0,NE
R419,BX,['6'],omny,40.83648681640625,-73.84703826904297,5,0,NE
R420,BX,['6'],metrocard,40.83989334106445,-73.84294891357422,31,6,NE
R420,BX,['6'],omny,40.83989334106445,-73.84294891357422,7,1,NE
R421,BX,['6'],metrocard,40.84386444091797,-73.83631896972656,13,0,NE
R421,BX,['6'],omny,40.84386444091797,-73.83631896972656,3,0,NE
R422,BX,['6'],metrocard,40.84680938720703,-73.83256530761719,19,1,NE
R422,BX,['6'],omny,40.84680938720703,-73.83256530761719,9,0,NE
R423,BX,['6'],metrocard,40.85246276855469,-73.82811737060547,35,7,NE
R423,BX,['6'],omny,40.85246276855469,-73.82811737060547,8,3,NE
R504,Q,['7'],metrocard,40.74262619018555,-73.95358276367188,105,2,NW
R504,Q,['7'],omny,40.74262619018555,-73.95358276367188,134,0,NW
R507,Q,['7'],metrocard,40.74221420288086,-73.94891357421875,15,0,NW
R507,Q,['7'],omny,40.74221420288086,-73.94891357421875,7,0,NW
R509,Q,"['N', 'W', '7']",metrocard,40.75058364868164,-73.94020080566406,110,4,NE
R509,Q,"['N', 'W', '7']",omny,40.75058364868164,-73.94020080566406,200,6,NE
R510,Q,"['N', 'W']",metrocard,40.75288009643555,-73.93275451660156,25,0,NE
R510,Q,"['N', 'W']",omny,40.75288009643555,-73.93275451660156,40,0,NE
R511,Q,"['N', 'W']",metrocard,40.75680541992188,-73.92957305908203,56,0,NE
R511,Q,"['N', 'W']",omny,40.75680541992188,-73.92957305908203,47,0,NE
R512,Q,"['N', 'W']",metrocard,40.76182174682617,-73.92550659179688,102,1,NE
R512,Q,"['N', 'W']",omny,40.76182174682617,-73.92550659179688,76,1,NE
R513,Q,"['N', 'W']",metrocard,40.76678085327149,-73.92147827148438,92,1,NE
R513,Q,"['N', 'W']",omny,40.76678085327149,-73.92147827148438,66,1,NE
R514,Q,"['N', 'W']",metrocard,40.77025985717773,-73.9178466796875,72,2,NE
R514,Q,"['N', 'W']",omny,40.77025985717773,-73.9178466796875,44,3,NE
R515,Q,"['N', 'W']",metrocard,40.7750358581543,-73.91203308105469,125,4,NE
R515,Q,"['N', 'W']",omny,40.7750358581543,-73.91203308105469,64,7,NE
R516,Q,['7'],metrocard,40.74458694458008,-73.93099975585938,12,0,NE
R516,Q,['7'],omny,40.74458694458008,-73.93099975585938,1,0,NE
R518,Q,['7'],metrocard,40.74378204345703,-73.92401885986328,91,0,NE
R518,Q,['7'],omny,40.74378204345703,-73.92401885986328,64,0,NE
R519,Q,['7'],metrocard,40.74313354492188,-73.9184341430664,124,2,NE
R519,Q,['7'],omny,40.74313354492188,-73.9184341430664,85,0,NE
R521,Q,['7'],metrocard,40.74414825439453,-73.91255187988281,72,0,NE
R521,Q,['7'],omny,40.74414825439453,-73.91255187988281,49,0,NE
R523,Q,['7'],metrocard,40.7456283569336,-73.90298461914062,205,2,NE
R523,Q,['7'],omny,40.7456283569336,-73.90298461914062,88,6,NE
R524,Q,['7'],metrocard,40.7463264465332,-73.89640045166016,90,0,NE
R524,Q,['7'],omny,40.7463264465332,-73.89640045166016,24,0,NE
R525,Q,"['F', 'M', 'E', 'R', '7']",metrocard,40.746849060058594,-73.8913345336914,606,31,NE
R525,Q,"['F', 'M', 'E', 'R', '7']",omny,40.746849060058594,-73.8913345336914,256,21,NE
R526,Q,['7'],metrocard,40.747657775878906,-73.88369750976562,205,1,NE
R526,Q,['7'],omny,40.747657775878906,-73.88369750976562,64,0,NE
R527,Q,['7'],metrocard,40.74840927124024,-73.8766098022461,203,1,NE
R527,Q,['7'],omny,40.74840927124024,-73.8766098022461,77,0,NE
R528,Q,['7'],metrocard,40.7491455078125,-73.8695297241211,303,1,NE
R528,Q,['7'],omny,40.7491455078125,-73.8695297241211,93,0,NE
R529,Q,['7'],metrocard,40.7498664855957,-73.86270141601562,337,5,NE
R529,Q,['7'],omny,40.7498664855957,-73.86270141601562,94,5,NE
R530,Q,['7'],metrocard,40.751731872558594,-73.85533142089844,167,2,NE
R530,Q,['7'],omny,40.751731872558594,-73.85533142089844,60,4,NE
R532,Q,['7'],metrocard,40.75462341308594,-73.84562683105469,20,0,NE
R532,Q,['7'],omny,40.75462341308594,-73.84562683105469,4,0,NE
R533,Q,['7'],metrocard,40.75960159301758,-73.83003234863281,662,96,NE
R533,Q,['7'],omny,40.75960159301758,-73.83003234863281,304,63,NE
R550,M,['7'],metrocard,40.7558822631836,-74.00190734863281,239,1,NW
R550,M,['7'],omny,40.7558822631836,-74.00190734863281,163,3,NW
R600,BK,"['3', '2']",metrocard,40.69746780395508,-73.99308776855469,80,0,SW
R600,BK,"['3', '2']",omny,40.69746780395508,-73.99308776855469,36,0,SW
R602,BK,"['3', '2', '5', 'R', '4']",metrocard,40.69409942626953,-73.98999786376953,115,2,SW
R602,BK,"['3', '2', '5', 'R', '4']",omny,40.69409942626953,-73.98999786376953,94,2,SW
R606,BK,"['3', '2']",metrocard,40.69054412841797,-73.98506164550781,48,1,SW
R606,BK,"['3', '2']",omny,40.69054412841797,-73.98506164550781,20,0,SW
R608,BK,"['3', '2', '5', '4']",metrocard,40.68824768066406,-73.9804916381836,40,1,SW
R608,BK,"['3', '2', '5', '4']",omny,40.68824768066406,-73.9804916381836,26,0,SW
R610,BK,"['3', '2', '5', 'N', 'R', 'Q', '4', 'B', 'D']",metrocard,40.6844596862793,-73.97689056396484,215,6,SW
R610,BK,"['3', '2', '5', 'N', 'R', 'Q', '4', 'B', 'D']",omny,40.6844596862793,-73.97689056396484,179,6,SW
R617,BK,"['3', '2']",metrocard,40.68082809448242,-73.97509765625,25,0,SW
R617,BK,"['3', '2']",omny,40.68082809448242,-73.97509765625,25,0,SW
R619,BK,"['3', '2']",metrocard,40.675235748291016,-73.9710464477539,48,0,SW
R619,BK,"['3', '2']",omny,40.675235748291016,-73.9710464477539,31,1,SW
R621,BK,"['3', '2']",metrocard,40.6719856262207,-73.9643783569336,33,0,SW
R621,BK,"['3', '2']",omny,40.6719856262207,-73.9643783569336,19,0,SW
R622,BK,"['3', '2', '5', '4', 'S']",metrocard,40.67068099975586,-73.9581298828125,77,1,SW
R622,BK,"['3', '2', '5', '4', 'S']",omny,40.67068099975586,-73.9581298828125,80,1,SW
R623,BK,['3'],metrocard,40.66984558105469,-73.9504623413086,29,2,SW
R623,BK,['3'],omny,40.66984558105469,-73.9504623413086,15,0,SW
R624,BK,['3'],metrocard,40.66939926147461,-73.9421615600586,50,0,SE
R624,BK,['3'],omny,40.66939926147461,-73.9421615600586,46,0,SE
R626,BK,"['3', '4']",metrocard,40.66889572143555,-73.93294525146484,193,9,SE
R626,BK,"['3', '4']",omny,40.66889572143555,-73.93294525146484,70,3,SE
R627,BK,['3'],metrocard,40.66471862792969,-73.922607421875,56,2,SE
R627,BK,['3'],omny,40.66471862792969,-73.922607421875,13,0,SE
R628,BK,['3'],metrocard,40.66145324707031,-73.91632843017578,39,1,SE
R628,BK,['3'],omny,40.66145324707031,-73.91632843017578,3,0,SE
R629,BK,['3'],metrocard,40.66254806518555,-73.90894317626953,32,1,SE
R629,BK,['3'],omny,40.66254806518555,-73.90894317626953,5,0,SE
R630,BK,['3'],metrocard,40.66351318359375,-73.90245056152344,18,2,SE
R630,BK,['3'],omny,40.66351318359375,-73.90245056152344,8,2,SE
R632,BK,['3'],metrocard,40.66463470458984,-73.8948974609375,29,1,SE
R632,BK,['3'],omny,40.66463470458984,-73.8948974609375,4,0,SE
R633,BK,['3'],metrocard,40.66544723510742,-73.88939666748047,20,2,SE
R633,BK,['3'],omny,40.66544723510742,-73.88939666748047,1,0,SE
R634,BK,['3'],metrocard,40.666236877441406,-73.88407897949219,38,2,SE
R634,BK,['3'],omny,40.666236877441406,-73.88407897949219,10,2,SE
R635,BK,"['2', '5']",metrocard,40.66788482666016,-73.95068359375,16,0,SW
R635,BK,"['2', '5']",omny,40.66788482666016,-73.95068359375,19,0,SW
R636,BK,"['2', '5']",metrocard,40.662742614746094,-73.95085144042969,51,0,SW
R636,BK,"['2', '5']",omny,40.662742614746094,-73.95085144042969,24,0,SW
R637,BK,"['2', '5']",metrocard,40.65665054321289,-73.95020294189453,43,1,SW
R637,BK,"['2', '5']",omny,40.65665054321289,-73.95020294189453,39,0,SW
R639,BK,"['2', '5']",metrocard,40.65084457397461,-73.94957733154297,80,4,SW
R639,BK,"['2', '5']",omny,40.65084457397461,-73.94957733154297,32,5,SW
R641,BK,"['2', '5']",metrocard,40.64509963989258,-73.94895935058594,28,0,SW
R641,BK,"['2', '5']",omny,40.64509963989258,-73.94895935058594,21,0,SW
R643,BK,"['2', '5']",metrocard,40.63996887207031,-73.94841003417969,42,0,SW
R643,BK,"['2', '5']",omny,40.63996887207031,-73.94841003417969,19,1,SW
R645,BK,"['2', '5']",metrocard,40.6328353881836,-73.94763946533203,90,8,SW
R645,BK,"['2', '5']",omny,40.6328353881836,-73.94763946533203,45,5,SW
R726,BX,['5'],metrocard,40.85436248779297,-73.8604965209961,16,0,NE
R726,BX,['5'],omny,40.85436248779297,-73.8604965209961,8,0,NE
R727,BX,['5'],metrocard,40.858985900878906,-73.85536193847656,25,0,NE
R727,BX,['5'],omny,40.858985900878906,-73.85536193847656,10,1,NE
R728,BX,['5'],metrocard,40.86952590942383,-73.84638214111328,17,1,NE
R728,BX,['5'],omny,40.86952590942383,-73.84638214111328,11,0,NE
R729,BX,['5'],metrocard,40.878662109375,-73.83859252929688,9,0,NE
R729,BX,['5'],omny,40.878662109375,-73.83859252929688,13,0,NE
R730,BX,['5'],metrocard,40.888301849365234,-73.8308334350586,24,0,NE
R730,BX,['5'],omny,40.888301849365234,-73.8308334350586,5,0,NE
S101,SI,['SIR'],metrocard,40.643748,-74.073643,50,6,SW
S101,SI,['SIR'],omny,40.643748,-74.073643,10,3,SW
S102,SI,['SIR'],metrocard,40.636949,-74.074835,7,1,SW
